Protein ID,Start Position,Antigen Sequence,Protein Sequence,Smp Isoform,Smp Protein,Subcellular Localization,Stage,Function,Single Cell Localization
Smp_075800.1,766,LDQQYKEVKRETNLSHVQRYGDTRMGKLHVSEFQGSRDKSSTENDEPPMKPRHSIASR,MMLFSLFLISILHILLVKCQLDTNYEVSDETVSDNNKWAVLVAGSNGYFNYRHQADVCHAYHVLRSKGIKPEHIITMMYDDIAYNLMNPFPGKLFNDYNHKDWYKGVVIDYRGKKVNSKTFLKVLKGDKSAGGKVLKSGKNDDVFIYFTDHGAPGLIAFPDDELYAKEFMSTLKYLHSHKRYSKLVIYIEACESGSMFQRILPSNLSIYATTAASPTESSYGTFCDDPTITTCLADLYSYDWIVDSQTHHLTQRTLDQQYKEVKRETNLSHVQRYGDTRMGKLHVSEFQGSRDKSSTENDEPPMKPRHSIASRDIPLHTLHRQIMMTNNAEDKSFLMQILGLKLKRRDLIEDTMKLIVKVMNNEEIPNTKATIDQTLDCTESVYEQFKSKCFTLQQAPEVGGHFSTLYNYCADGYTAETINEAIIKICG,Smp_075800.1,Smp_075800,Extracellular,adult females,Asparaginyl endopeptidase,Gut
Smp_075800.1,613,NLSIYATTAASPTESSYGTFCDDPTITTCLADLYSYDWIVDSQTHHLTQRTLDQQYKE,MMLFSLFLISILHILLVKCQLDTNYEVSDETVSDNNKWAVLVAGSNGYFNYRHQADVCHAYHVLRSKGIKPEHIITMMYDDIAYNLMNPFPGKLFNDYNHKDWYKGVVIDYRGKKVNSKTFLKVLKGDKSAGGKVLKSGKNDDVFIYFTDHGAPGLIAFPDDELYAKEFMSTLKYLHSHKRYSKLVIYIEACESGSMFQRILPSNLSIYATTAASPTESSYGTFCDDPTITTCLADLYSYDWIVDSQTHHLTQRTLDQQYKEVKRETNLSHVQRYGDTRMGKLHVSEFQGSRDKSSTENDEPPMKPRHSIASRDIPLHTLHRQIMMTNNAEDKSFLMQILGLKLKRRDLIEDTMKLIVKVMNNEEIPNTKATIDQTLDCTESVYEQFKSKCFTLQQAPEVGGHFSTLYNYCADGYTAETINEAIIKICG,Smp_075800.1,Smp_075800,Extracellular,adult females,Asparaginyl endopeptidase,Gut
Smp_179950.1,307,KSIATIRDQSRCGSCCAFGAVEAMSERSCIQSGGKQNVELSAVDLEGIVTGSSKENNT,MLISVLYIASLISHLEAHISIKNEKFEPLSDDIISYINEHPNAGWRAEKSNRFHSLDDARFQLGARREEPDLRRTRRPTVDHNDWNVEIPSSFDSRKKWPRCKSIATIRDQSRCGSCCAFGAVEAMSERSCIQSGGKQNVELSAVDLEGIVTGSSKENNTGCEPYPFPKCEHFTKGQYPPCGSKIYKTPRCKTTCQKRYKTSYAQDKHRAIQKEIMKYGPVEASFTVYEDFLNYKSGIYKHITGETLGGHAIRIIGWGVENKTPYWLIANSWNEDWGENGYFRIVRGRDECSIESEVTAGRIN,Smp_067060.1,Smp_067060,Extracellular,adult females,Cathepsin B-like peptidase (C01 family),Gut
Smp_158420.1,307,AMSDRSCIQSGGKQNVELSAVDLLSCCEHCGDGFEGGFPALAWDYWVKEGIVTGSSKE,MLISVLCIASLITHLEAHISIKNEKFEPLSHDIISYINKHLDARREESDLRRKRRPIVDHNDWNVEIPSNFDSRKKWPGCKSIATIRDQSRCGSSWAFGAVEAMSDRSCIQSGGKQNVELSAVDLLSCCEHCGDGFEGGFPALAWDYWVKEGIVTGSSKENHTSCQPYPFPKCEHHTKGKYPACFEEIYKTPNCENTCQKSYKTPYAQDKHRGKSRYNVKNDEKAIQKEIMKYGPVEANFIVYEDFLNYKSGIYKHITGKLVSWHAIRIIGWGVENNTPYWLIPNSWNEDWGENGNFRILRGRHECSIESEVTAGRINE,Smp_344940.1,Smp_344940,Extracellular|Lysosome/Vacuole,somula,cathepsin B peptidase,Gut
MEG4.161011091,307,ENKKDKHPTQKEQLPNLQHQRQINDGTSDKTSDTHTIKRQLPNLQHQRTTPKPTTPKT,MNIYLIGILCIVGLIISQGSTANGSPLDDRFNDVNTINKKQFTEEEFSRLINSMLKEYIEDKNVDIRIIENKKDKHPTQKEQLPNLQHQRQINDGTSDKTSDTHTIKRQLPNLQHQRTTPKPTTPKT,Smp_307220.3,Smp_307220,Extracellular,juvenile,MEG-4 (10.3) family,Oesophageal gland
MEG4.1610110,154,NSMLKEYIEDKNVDIRIIENKKDKHPTQKEQLPNLQHQRQINDGTSDKTSDTHTIKRE,MNIYLIGILCIVGLIISQGSTANGSPLDDRFNDVNTINKKQFTEEEFSRLINSMLKEYIEDKNVDIRIIENKKDKHPTQKEQLPNLQHQRQINDGTSDKTSDTHTIKREQLPNLQHQRTTPKPTTPKT,Smp_307240.1,Smp_307240,Extracellular,somula,MEG-4 (10.3) family,Oesophageal gland
MEG4.11101100,154,NSMLKEYIEDKEQLPNLQHQRQINDGTSDKTTPKPTTPKEQLPNLQHQRTTPKPTTPK,MNIYLIGILCIVGLIISQGSTANGSPLDDRFNDVNTINKKQFTEEEFSRLINSMLKEYIEDKEQLPNLQHQRQINDGTSDKTTPKPTTPKEQLPNLQHQRTTPKPTTPKANK,Smp_307220.2,Smp_307220,Extracellular,juvenile,MEG-4 (10.3) family,Oesophageal gland
MEG4.1700100,154,NSMLKEYIEDKNVDIRIIENKKDKHPTQKEQLPNLQHQRQINDGTSDKEQLPNLQHQS,MNIYLIGILCIVGLIISQGSTANGSPLDDRFNDVNTINKKQFTEEEFSRLINSMLKEYIEDKNVDIRIIENKKDKHPTQKEQLPNLQHQRQINDGTSDKEQLPNLQHQSFLINKPKVPLWIVNPLYYMVEKFVQIMGYLLEDDDTLELNLPKYYYDKSI,Smp_307240.1,Smp_307240,Extracellular,somula,MEG-4 (10.3) family,Oesophageal gland
MEG4.1200001,307,QHQRQINDGTSDKTSDTHTIKRTTPKPTTPKEQLPNLQHQRQINDGTSDKPKSIADIY,MNIYLIGILCIVGLIISQGSTANGSPLDDRFNDVNTINKKQFTEEEFSRLINSMLKEYIEDKNVDIRIIENKKDKHPTQKEQLPNLQHQRQINDGTSDKTSDTHTIKRTTPKPTTPKEQLPNLQHQRQINDGTSDKPKSIADIY,Smp_307220.3,Smp_307220,Extracellular,juvenile,MEG-4 (10.3) family,Oesophageal gland
MEG4.11711010172,154,DIRIIENKKDKHPTQKEQLPNLQHQRQINDGTSDKTSDTHTIKRTTPKPTTPKEQLPN,MNIYLIGILCIVGLIISQGSTANGSPLDDRFNKIFQTDKFHLKEYIEDKNVDIRIIENKKDKHPTQKEQLPNLQHQRQINDGTSDKTSDTHTIKRTTPKPTTPKEQLPNLQHQRQINDGTSDNFLINKPKVPLWIVNPLYYMVEKFVQIMGYLLEDDDTLELNLPKYYYDKSI,Smp_307220.3,Smp_307220,Extracellular,juvenile,MEG-4 (10.3) family,Oesophageal gland
MEG4.1700110,154,NSMLKEYIEDKNVDIRIIENKKDKHPTQKEQLPNLQHQRQINDGTSDKTTPKPTTPKE,MNIYLIGILCIVGLIISQGSTANGSPLDDRFNDVNTINKKQFTEEEFSRLINSMLKEYIEDKNVDIRIIENKKDKHPTQKEQLPNLQHQRQINDGTSDKTTPKPTTPKEQLPNLQHQSFLINKPKVPLWIVNPLYYMVEKFVQIMGYLLEDDDTLELNLPKYYYDKSI,Smp_307240.1,Smp_307240,Extracellular,somula,MEG-4 (10.3) family,Oesophageal gland
MEG4.11601101172,154,IEDKNVDIRIIENKKDKHPTQKEQLPNLQHQRQINDGTSDKTSDTHTIKRTTPKPTTP,MNIYLIGILCIVGLIISQGSTANGSPLDDRFNDVNTINKIFQTDKFHLKEYIEDKNVDIRIIENKKDKHPTQKEQLPNLQHQRQINDGTSDKTSDTHTIKRTTPKPTTPKEQLPNLQHQRQINDGTSDNFLINKPKVPLWIVNPLYYMVEKFVQIMGYLLEDDDTLELNLPKYYYDKSI,Smp_307240.1,Smp_307240,Extracellular,somula,MEG-4 (10.3) family,Oesophageal gland
MEG4.11710010172,154,KDKHPTQKEQLPNLQHQRQINDGTSDKTSDTHTIKRTTPKPTTPKEQLPNLQHQRQIN,MNIYLIGILCIVGLIISQGSTANGSPLDDRFNKLKEYIEDKNVDIRIIENKKDKHPTQKEQLPNLQHQRQINDGTSDKTSDTHTIKRTTPKPTTPKEQLPNLQHQRQINDGTSDNFLINKPKVPLWIVNPLYYMVEKFVQIMGYLLEDDDTLELNLPKYYYDKSI,Smp_307220.3,Smp_307220,Extracellular,juvenile,MEG-4 (10.3) family,Oesophageal gland
MEG4.1901110,307,IENKKDKHPTQKQINDGTSDKTSDTHTIKRTTPKPTTPKQINDGTSDKPKSIADFLNQ,MNIYLIGILCIVGLIISQGSTANGSPLDDRFNDVNTINKKQFTEEEFSRLINSMLKEYIEDKNVDIRIIENKKDKHPTQKQINDGTSDKTSDTHTIKRTTPKPTTPKQINDGTSDKPKSIADFLNQ,Smp_307220.1,Smp_307220,Extracellular,mixed adults,MEG-4 (10.3) family,Oesophageal gland
MEG4.1610100,154,NSMLKEYIEDKNVDIRIIENKKDKHPTQKEQLPNLQHQRQINDGTSDKTSDTHTIKRT,MNIYLIGILCIVGLIISQGSTANGSPLDDRFNDVNTINKKQFTEEEFSRLINSMLKEYIEDKNVDIRIIENKKDKHPTQKEQLPNLQHQRQINDGTSDKTSDTHTIKRTTPKPTTPKT,Smp_307240.1,Smp_307240,Extracellular,somula,MEG-4 (10.3) family,Oesophageal gland
MEG4.1711010,154,NSMLKEYIEDKNVDIRIIENKKDKHPTQKEQLPNLQHQRQINDGTSDKTTPKPTTPKT,MNIYLIGILCIVGLIISQGSTANGSPLDDRFNDVNTINKKQFTEEEFSRLINSMLKEYIEDKNVDIRIIENKKDKHPTQKEQLPNLQHQRQINDGTSDKTTPKPTTPKTTPKPTTPKANK,Smp_307240.1,Smp_307240,Extracellular,somula,MEG-4 (10.3) family,Oesophageal gland
MEG4.1701100,307,DIRIIENKKDKHPTQKEQLPNLQHQRQINDGTSDKEQLPNLQHQRTTPKPTTPKFLNQ,MNIYLIGILCIVGLIISQGSTANGSPLDDRFNDVNTINKKQFTEEEFSRLINSMLKEYIEDKNVDIRIIENKKDKHPTQKEQLPNLQHQRQINDGTSDKEQLPNLQHQRTTPKPTTPKFLNQ,Smp_307240.1,Smp_307240,Extracellular,somula,MEG-4 (10.3) family,Oesophageal gland
MEG4.11500110,154,EDNKKDKHPTQKEQLPNLQHQRQINDGTSDKTSDTHTIKRTTPKPTTPKEQLPNLQHQ,MNIYLIGILCIVGLIISQGSTANGSPLDDRFNDVNTIKFSRLINSMLKEYIEDNKKDKHPTQKEQLPNLQHQRQINDGTSDKTSDTHTIKRTTPKPTTPKEQLPNLQHQRQINDGTSDNFLINKPKVPLWIVNPLYYMVEKFVQIMGYLLEDDDTLELNLPKYYYDKSI,Smp_307220.3,Smp_307220,Extracellular,juvenile,MEG-4 (10.3) family,Oesophageal gland
MEG8.2400100,154,KLPNPSQKGFTNTTTPSVPKPTRQEIPRSGTIVNGTKPTPGKPVVNGTKPTPGKPVFD,MFTIILIYVLYFIANAKFEHTTSGIRNPSKLSDSNASKTLSLKNLTDHYTCKLPNPSQKGFTNTTTPSVPKPTRQEIPRSGTIVNGTKPTPGKPVVNGTKPTPGKPVFDLFSEQEFHPINHKSYLFNFWYLFRTSFLNLKNMKNLLLGS,Smp_171190.1,Smp_171190,Extracellular,somula,None,None
MEG8.21500100,154,TPQKSNNGTSCNGKDTCKLPNPSQKGFTNTTSLPHTQSHNSTVAPSVPKPTRQEIPRS,MFTIILIYVLYFIANAKFEHTTSGIRNPSKLSDSNASKTLSLKNLTDHYIHTPQKSNNGTSCNGKDTCKLPNPSQKGFTNTTSLPHTQSHNSTVAPSVPKPTRQEIPRSGTIVNGTKPTPGKPVPLSMEQNQRLVNLSFVPFQNIILEFKEYEKLITGKLNLLLSVFLNIQKDIHWNIH,Smp_171190.1,Smp_171190,Extracellular,somula,None,None
MEG8.21501010,154,TPQKSNNGTSCNGKDTCKLPNPSQKGFTNTTSLPHTQSHNSTVAPSVPKPTRQEIPRS,MFTIILIYVLYFIANAKFEHTTSGIRNPSKLSDSNASKTLSLKNLTDHYIHTPQKSNNGTSCNGKDTCKLPNPSQKGFTNTTSLPHTQSHNSTVAPSVPKPTRQEIPRSGTIVNGTKPTPGKPESLSMEQNQRLVNLFSICSVNKSSIQ,Smp_171190.1,Smp_171190,Extracellular,somula,None,None
MEG8.21510010181,154,TPQKSNNGTSCNGKDTCKLPNPSQKGFTNTTSLPHTQSHNSTVAPSVPKPTRQEIPRS,MFTIILIYVLYFIANAKFEHTTSGIRNPSKLSDSNASKTLSLKNLTDHYIHTPQKSNNGTSCNGKDTCKLPNPSQKGFTNTTSLPHTQSHNSTVAPSVPKPTRQEIPRSGTIVNGTKPTPGKPVVNGTKPTPGKPVPIQ,Smp_171190.1,Smp_171190,Extracellular,somula,None,None
MEG8.21401000,154,TPQKSNNGTSCNGKDTCKLPNPSQKGFTNTTSLPHTQSHNSTVAPSVPKPTRQEIPRS,MFTIILIYVLYFIANAKFEHTTSGIRNPSKLSDSNASKTLSLKNLTDHYIHTPQKSNNGTSCNGKDTCKLPNPSQKGFTNTTSLPHTQSHNSTVAPSVPKPTRQEIPRSGTIVNGTKPTPGKPVVNGTKPTPGKPVPELFIQFLVPFQNIILEFKEYEKLITGKLNLLLSVFLNIQKDIHWNIH,Smp_171190.1,Smp_171190,Extracellular,somula,None,None
MEG8.21200110,154,TPQKSNNGTSCNGKDTCKLPNPSQKGFTNTTSLPHTQSHNSTVAPSVPKPTRQEIPRS,MFTIILIYVLYFIANAKFEHTTSGIRNPSKLSDSNASKTLSLKNLTDHYIHTPQKSNNGTSCNGKDTCKLPNPSQKGFTNTTSLPHTQSHNSTVAPSVPKPTRQEIPRSGTIVNGTKPTPGKPESFLVPSNKS,Smp_171190.1,Smp_171190,Extracellular,somula,None,None
MEG8.21411000,154,TPQKSNNGTSCNGKDTCKLPNPSQKGFTNTTSLPHTQSHNSTVAPSVPKPTRQEIPRS,MFTIILIYVLYFIANAKFEHTTSGIRNPSKLSDSNASKTLSLKNLTDHYIHTPQKSNNGTSCNGKDTCKLPNPSQKGFTNTTSLPHTQSHNSTVAPSVPKPTRQEIPRSGTIVNGTKPTPGKPVVNGTKPTPGKPESFLSYLFNFWYLFRTSFLNLKNMKNLLLGS,Smp_171190.1,Smp_171190,Extracellular,somula,None,None
MEG8.21510100,154,TPQKSNNGTSCNGKDTCKLPNPSQKGFTNTTSLPHTQSHNSTVAPSVPKPTRQEIPRS,MFTIILIYVLYFIANAKFEHTTSGIRNPSKLSDSNASKTLSLKNLTDHYIHTPQKSNNGTSCNGKDTCKLPNPSQKGFTNTTSLPHTQSHNSTVAPSVPKPTRQEIPRSGTIVNGTKPTPGKPVPLSMEQNQRLVNLFLVSYLFRTSFLNLKNMKNLLLGS,Smp_171190.1,Smp_171190,Extracellular,somula,None,None
MEG8.21200100,154,TPQKSNNGTSCNGKDTCKLPNPSQKGFTNTTSLPHTQSHNSTVAPSVPKPTRQEIPRS,MFTIILIYVLYFIANAKFEHTTSGIRNPSKLSDSNASKTLSLKNLTDHYIHTPQKSNNGTSCNGKDTCKLPNPSQKGFTNTTSLPHTQSHNSTVAPSVPKPTRQEIPRSGTIVNGTKPTPGKPESSSIQ,Smp_171190.1,Smp_171190,Extracellular,somula,None,None
MEG8.2511000,154,TPQKSNNGTSCNGKDTCKLPNPSQKGFTNTTIVNGTKPTPGKPVVNGTKPTPGKPVFD,MFTIILIYVLYFIANAKFEHTTSGIRNPSKLSDSNASKTLSLKNLTDHYIHTPQKSNNGTSCNGKDTCKLPNPSQKGFTNTTIVNGTKPTPGKPVVNGTKPTPGKPVFDLFSEQEFHPINHKSYLFNFWYLFRTSFLNLKNMKNLLLGS,Smp_171190.1,Smp_171190,Extracellular,somula,None,None
MEG8.2901100,154,TPQKSNNGTSCNGKDTCKLPNPSQKGFTNTTSLPHTQSHNSTVVVNGTKPTPGKPESF,MFTIILIYVLYFIANAKFEHTTSGIRNPSKLSDSNASKTLSLKNLTDHYIHTPQKSNNGTSCNGKDTCKLPNPSQKGFTNTTSLPHTQSHNSTVVVNGTKPTPGKPESFSICSVNKSSIQ,None,None,None,None,None,None
MEG8.2511010,154,TPQKSNNGTSCNGKDTCKLPNPSQKGFTNTTSLPHTQSHNSTVVVNGTKPTPGKPVVN,MFTIILIYVLYFIANAKFEHTTSGIRNPSKLSDSNASKTLSLKNLTDHYIHTPQKSNNGTSCNGKDTCKLPNPSQKGFTNTTSLPHTQSHNSTVVVNGTKPTPGKPVVNGTKPTPGKPVFDLFSEQEFHPINHKSYLFNFWYLFRTSFLNLKNMKNLLLGS,None,None,None,None,None,None
MEG3.1711000,154,SNTGPQTFYYRVQLTEENCRNDCGRVTSHHELCGDVCGGNHGGSFPLCLYNCDQEHPR,MLFFALILIISLHSFDCVFTARETRDAALSCKKHCEGNNEYVTRYCGGLCSSNTGPQTFYYRVQLTEENCRNDCGRVTSHHELCGDVCGGNHGGSFPLCLYNCDQEHPREYERGYDECKCNIS,Smp_138080.1,Smp_138080,Extracellular,somula,MEG-3 (Grail) family,Oesophageal gland
MEG3.1710010,154,SNTGPQTFYSSTQDDFDKCRNDCGRVTSHHELCGDVCGGNHGGSFPLCLYNCDQEHPR,MLFFALILIISLHSFDCVFTARETRDAALSCKKHCEGNNEYVTRYCGGLCSSNTGPQTFYSSTQDDFDKCRNDCGRVTSHHELCGDVCGGNHGGSFPLCLYNCDQEHPREYERGYDECKCNIS,Smp_138080.1,Smp_138080,Extracellular,somula,MEG-3 (Grail) family,Oesophageal gland
MEG15410110,307,TTRKSQHTTATARHHNTLKTTLSHHNTVPAKTTRNHTDKTILIKPYKMFKQNDTTRFD,MLNRFIVILVFVFVGIVTFDNVQGQRDPPRTNNTITHTTNHYVGKLSHHNTVPAKTTRKSQHTTATARHHNTLKTTLSHHNTVPAKTTRNHTDKTILIKPYKMFKQNDTTRFD,Smp_010550.2,Smp_010550,Extracellular,adult females,MEG15,Oesophageal gland
MEG151001110,154,VPAKTTRKHHNTLKTTLHHNTLKTTLCLTTTQYQQKSQHPNTTPSHTDKTILIKPYKP,MLNRFIVILVFVFVGIVTFDNVQGQRDPPRTNNTITHTTNHYVGKLSHHNTVPAKTTRKHHNTLKTTLHHNTLKTTLCLTTTQYQQKSQHPNTTPSHTDKTILIKPYKPY,Smp_010550.2,Smp_010550,Extracellular,adult females,MEG15,Oesophageal gland
MEG151001110,307,PAKTTRKHHNTLKTTLHHNTLKTTLCLTTTQYQQKSQHPNTTPSHTDKTILIKPYKPY,MLNRFIVILVFVFVGIVTFDNVQGQRDPPRTNNTITHTTNHYVGKLSHHNTVPAKTTRKHHNTLKTTLHHNTLKTTLCLTTTQYQQKSQHPNTTPSHTDKTILIKPYKPY,Smp_010550.2,Smp_010550,Extracellular,adult females,MEG15,Oesophageal gland
MEG15400100,154,HYVGKLSHHNTVPAKTTRKSQHTTATARHHNTLKTTLSHHNTVPAKTTRNHTDKTVQI,MLNRFIVILVFVFVGIVTFDNVQGQRDPPRTNNTITHTTNHYVGKLSHHNTVPAKTTRKSQHTTATARHHNTLKTTLSHHNTVPAKTTRNHTDKTVQI,Smp_010550.2,Smp_010550,Extracellular,adult females,MEG15,Oesophageal gland
